email	(	mname	)
2307pas@gmail.com	(	Peter Saunders	)
aboutwriting@hotmail.com	(	Beverley Saunders	)
adele.sneath@hotmail.co.uk	(	Adele Sneath	)
adelemutwalli@gmail.com	(	Adele Mutwalli	)
aeklu@comhem.se	(	Anette Eklund	)
agnes_musson@yahoo.co.uk	(	Agnes Musson	)
aine_niorain@hotmail.com	(	Aine Ni Orain	)
akenah53@hotmail.com	(	Alan Kenah	)
alanchris@telefonica.net	(	Christine Ross	)
alanindyfed@gmail.com	(	Alan Jones	)
aledmarbella@gmail.com	(	Allan Edwards	)
alistairjfleming@msn.com	(	Alistair Fleming	)
alnmarge2000@yahoo.co.uk	(	Margaret Bicknell	)
amthompson@waitrose.com	(	Anthony Thompson	)
andsloan@gmail.com	(	Andrew Sloan	)
aneurincoombes@yahoo.co.uk	(	Nye Coombes	)
ankepauli45@gmail.com	(	Anke Pauli	)
ann.bradford00@googlemail.com	(	Ann Bradford	)
annaespana@hotmail.com	(	Anna Turner	)
anna_janson@yahoo.de	(	Anna Janson	)
anne.gerrish@gmail.com	(	Anne Gerrish	)
anne.kent17@yahoo.com	(	Anne Kent	)
anneke.m@virgin.net	(	Anneka Meijer	)
annekinsella@hotmail.com	(	Anne Kinsella	)
annemariesavas@gmail.com	(	Anne-Marie Savastano	)
anneobroin51@gmail.com	(	Anne O'Broin	)
annie.leslie@yahoo.com	(	Annie Leslie	)
annp49@gmail.com	(	Ann Patras	)
apwscott@hotmail.com	(	Bill Scott	)
archie.f@tiscali.co.uk	(	Archie Ferrier	)
armstronggretta@gmail.com	(	Gretta Armstrong	)
aseret1956@yahoo.de	(	Teresa Roberts	)
audrey.megson@wanadoo.fr	(	Audrey Megson	)
bamajapp@telefonica.net	(	Barbara Japp	)
barbara@hamble.org	(	Barbara Hambleton	)
barbara@lcdportatiles.com	(	Barbara Jacquignon	)
barbarahiom3b@gmail.com	(	Barbara Hiom	)
barbfyoung@hotmail.com	(	Colin Young	)
barkworth@hotmail.com	(	Brian Barkworth	)
barrydavey@aol.com	(	Barry Davey	)
barrydoran45@yahoo.co.uk	(	Barry Doran	)
barthorpe@hotmail.co.uk	(	Keith Barthorpe	)
bcrompton2@gmail.com	(	Barbara Crompton	)
bdfzorro@gmail.com	(	Betty Fox	)
bdoblas@gmail.com	(	Barbara Doblas Jones	)
becker.esther@gmail.com	(	Esther Becker	)
bergetp@msn.com	(	Patricia Berget	)
billgreenesp@hotmail.com	(	William Green	)
billseemari@hotmail.com	(	William MaRi	)
birchdenn@hotmail.com	(	Roger Birch	)
bluegrannyhaworth@live.co.uk	(	Angela Haworth	)
bofarrell@hotmail.co.uk	(	Betty O'Farrell	)
boffebunze@rocketmail.com	(	Barbara Bunze	)
borbes@hotmail.com	(	Julia Pronegg	)
brdnagashel@gmail.com	(	Eleanor Keating	)
breedamccormack@hotmail.com	(	Breeda McCormack	)
brenda45may@aol.com	(	Brenda Moore	)
brendawarry@hotmail.com	(	Brenda Wright	)
bridget.reynolds@hotmail.co.uk	(	Bridget Reynolds	)
bromigem@hotmail.com	(	Monica Bromige	)
bryan.alba@gmail.com	(	Bryan Williams	)
bryanhayward1@hotmail.co.uk	(	Bryan Hayward	)
c.jacobsson@post.harvard.edu	(	Claes Jacobsson	)
captain-jim@telefonica.net	(	James Kelly	)
carmel-w@live.co.uk	(	Carmel Whatmore	)
carmello309@hotmail.com	(	Carmel Kenny	)
carmentoar@hotmail.com	(	Carmen Torres	)
carolannkaiser9@gmail.com	(	Carol McGlasson	)
carolstafford9@gmail.com	(	Carol Stafford	)
Carrigh@gmail.com	(	Alan Craig	)
casamar2@hotmail.es	(	Marta Eibar	)
casapk@eircom.net	(	Kathleen Barrett	)
catherinegraham48@gmail.com	(	Catherine Graham	)
catherinepaul100@gmail.com	(	Catherine Paul	)
cbkemzura@msn.com	(	Christine Kemzura	)
charleshieber@aol.com	(	Charles Hieber	)
chown@hotmail.fr	(	David Chown	)
chris.brovig@gmail.com	(	Chris Brovig	)
chrisdeebeckett@hotmail.com	(	Chris Beckett	)
chrishorton60@yahoo.co.uk	(	Chris Horton	)
chrishuckerby@hotmail.co.uk	(	Christine Huckerby	)
christinarh53@hotmail.com	(	Christina Hooper	)
christinebarrows123@yahoo.co.uk	(	Christine Barrows	)
christinechignell@gmail.com	(	Christine Chignell	)
christinenedwards@hotmail.com	(	Christine Edwards	)
chriswien@outlook.com	(	Christine Wienand	)
chukklesc@gmail.com	(	Chrissie Sierwald	)
cjamesswansea@gmail.com	(	Cynthia James	)
cjfeld@gmail.com	(	Claudia Jones	)
clairemac6@hotmail.com	(	Claire McCarthy	)
clarebaily@hotmail.com	(	Clare Baily	)
claudiozorrilla684@gmail.com	(	Claudio Zorrilla	)
cliveper@btinternet.com	(	Clive Perriman	)
colin.gearon@gmail.com	(	Colin Gearon	)
colinthompson99@yahoo.co.uk	(	Colin Thompson	)
collettedennis@gmail.com	(	Collette Dennis	)
conal@eircom.net	(	Conal O'Rafferty	)
cortijoadelfa@hotmail.com	(	Tara Kent	)
cre.edwards@gmail.com	(	Charles Edwards	)
crisackerberg@telefonica.net	(	Cristina Ackerberg	)
cslarthur@gmail.com	(	Susan Arthur	)
cvdsdb@gmail.com	(	Chris vad der Spiegel	)
dagmarherta@gmail.com	(	Dagmar Vale	)
dandjburgin@hotmail.com	(	Jane Burgin	)
daniel_musson@hotmail.com	(	Daniel Musson	)
davedirtywicker@gmail.com	(	Grace Bremner	)
dave_salmon@btopenworld.com	(	Sue Salmon	)
davidflo@btinternet.com	(	David Scott	)
davrowlands@yahoo.co.uk	(	David Rowlands	)
debra.panting@gmail.com	(	Debra Panting	)
debsteve999@gmail.com	(	Deborah Barlow	)
delavinajuan@gmail.com	(	Juan De La Vina Camacho	)
denlang33@gmail.com	(	Denise Lang	)
derekdffn@gmail.com	(	Derek Duffin	)
derekfulk@tiscali.co.uk	(	Derek Fulk	)
dhmccleery@gmail.com	(	David McCleery	)
dianeisabel@icloud.com	(	Diane Walter	)
dianfr@hotmail.com	(	Diane Frost	)
digiriverine@talktalk.net	(	Gina Issa	)
djbellemare@hotmail.com	(	Dianne Bellemare	)
djjanine@hotmail.com	(	Janine James	)
djvambeck@gmail.com	(	Donald Vambeck	)
donb@montcalm.edu	(	Don Burns	)
doreen18@gmail.com	(	Jeanette Harvey	)
doreenlewis16@gmail.com	(	Doreen Lewis	)
dorothy.cabrera@gmail.com	(	Dorothy Cabrera	)
dorothy@ainsworthfamily.co.uk	(	Dorothy Ainsworth	)
drcooper21@gmail.com	(	Dorothy Cooper	)
durilu@gmail.com	(	Rita Durben	)
dvjo@live.com	(	David Jones	)
ebokmee@hotmail.com	(	Bokmee Espinosa 	)
edgardomilla@outlook.com	(	Daniel Milla Villeda	)
ediles1@yahoo.co.uk	(	Ella Iles	)
ehoeberechts@aol.com	(	Eugene Hoeberechts	)
eileen.tauscher@icloud.com	(	Eileen Tauscher	)
elaine.harland@btinternet.com	(	Elaine Harland	)
elc4cook@btinternet.com	(	Eddie Cook	)
elisabethsmithnow@gmail.com	(	Elisabeth Smith	)
elizbethryan@gmail.com	(	Elizabeth Ryan	)
ellis@losdragos.com	(	Jenny Ellis	)
elranchito.coin@gmail.com	(	Anne Wilson	)
elsa@chishick.com	(	Elsa Chishick	)
evansde@rocketmail.com	(	Debbie Evans	)
evapro@telefonica.net	(	Eva Schlockermann	)
f.ledoseray2001@gmail.com	(	Francoise Le Doseray	)
fayofarrell@hotmail.com	(	Fay O'Farrell	)
fjkiddle@gmail.com	(	Fiona Kiddle	)
francis@mantarota.com	(	Francis Jacobson	)
frank@fmason42.plus.com	(	Margaret Mason	)
frankiebrannigan9@gmail.com	(	Billy Brannigan	)
fransvervloet313@hotmail.com	(	Frans Vervloet	)
frostragnar@gmail.com	(	Ragnar Frost	)
ganovelli@btinternet.com	(	George Novelli	)
garth.nicholson@gmail.com	(	Garth Nicholson	)
garyjones981@hotmail.co.uk	(	Gary Jones	)
gazspan@yahoo.co.uk	(	Gary Porter	)
geaney@iol.ie	(	Alan Geaney	)
gebassilios@hotmail.com	(	George Bassilios	)
geoff@ainsworthfamily.co.uk	(	Geoff Ainsworth	)
gerlowry@yahoo.com	(	Sheila Lowry	)
ghewgill@terra.es	(	Val Hewgill	)
gill.wybrow@sky.com	(	Gillian Wybrow	)
ginnytonica@gmail.com	(	Ginny Aston	)
gloria.prissman@gmail.com	(	Gloria Prissman	)
glorialucas1947@gmail.com	(	Gloria Lucas	)
grace150713@gmail.com	(	Eva Kahloff	)
graham.crompton@btopenworld.com	(	Graham Crompton	)
grossje1975@gmail.com	(	Jurgen Gross	)
gsinton@tiscali.co.uk	(	George Sinton	)
h.e.inspain@hotmail.com	(	Heather Lloyd	)
h.ecker@ecker-kollegen.de	(	Herbert Ecker	)
harrietbeck@hotmail.com	(	Harriet Beck	)
hawkinsberyl@yahoo.com	(	Beryl Hawkins	)
heathermccleery@hotmail.com	(	Heather McCleery	)
hedda.khalaf@web.de	(	Hedda Khalaf	)
helengilbourne@gmail.com	(	Helen Gilborne	)
helenpricespain@hotmail.com	(	Helen Price	)
hethompson@waitrose.com	(	Heather Thompson	)
hghoyler@hotmail.com	(	Jennifer Hoyler	)
hilibilih@gmail.com	(	Heather Brookes	)
hilkka@mantarota.com	(	Hilkka Ibrahim	)
hjwicks@gmail.com	(	Heather Wicks	)
hmreynolds26@yahoo.com	(	Hazel Reynolds	)
holmes@costabrits.com	(	David Holmes	)
holmwoodspain@gmail.com	(	Christina Gramellini	)
hopkinson@terra.com	(	Susan Hopkinson	)
huddleston185@btinternet.com	(	Maureen Harron	)
huma50@hotmail.com	(	Mary Ramallo	)
ianfuller51@gmail.com	(	Ian Fuller	)
iangib4318@tiscali.co.uk	(	Ian Williamson	)
imjberry@gmail.com	(	Ian Berry	)
imurcott@aol.com	(	Irmgard Murcott	)
info@angelika-jamin.de	(	Angelika Jamin	)
info@gartonmedia.com	(	Howard Garton	)
info@healing-minds.co.uk	(	Bernie Wright	)
info@sigica.de	(	Sigrid Carlsson	)
ingemarbesa@yahoo.co.uk	(	Ingeborg Kohler	)
ingetyson@gmail.com	(	Ingeborg Tyson	)
ingrid@outlook-marbella.com	(	Ingrid Stiegler	)
ioana.curtis@yahoo.com	(	Ioana Curtis	)
irena@macielinski.com	(	Irena Macielinski	)
irene@imk340.plus.com	(	Irene Khodna	)
irene@mackies.org.uk	(	Irene Mackie	)
irenetoedtli@gmail.com	(	Irene Toedtli-Boyle	)
irmela1943@ymail.com	(	Irmela Siebrecht	)
j.mariesq@gmail.com	(	Jacqueline MaRi	)
jackodennis@gmail.com	(	Jack Dennis	)
jacquelinehmfleming@msn.com	(	Jacqueline Fleming	)
jacqueline_marie_simmons@yahoo.co.uk	(	Jackie Simmons	)
jakob@geert.com	(	Jaap Poelman	)
janenorrie@telefonica.net	(	Jane Norrie	)
janet.novelli@btinternet.com	(	Janet Novelli	)
janetaspin@yahoo.co.uk	(	Janet Aspin	)
janetmacnutt@icloud.com	(	Janet Macnutt	)
janh0406@gmail.com	(	John Holsgrove	)
janstable@gmail.com	(	Jan Constable	)
jardines@talktalk.net	(	Carol Silverton	)
jarvis.judith@googlemail.com	(	Judith Jarvis	)
jcstaytranquil@yahoo.co.uk	(	Janet Clark	)
jdfinerty@gmail.com	(	John Finerty	)
jean.brovig@gmail.com	(	Jean Brovig	)
jean.queenbee@gmail.com	(	Mike Ashmore	)
jeaniemarbella@gmail.com	(	Jeanie Franklin	)
jennyrogers63@hotmail.com	(	Jenny Rogers	)
jfhm@btinternet.com	(	John Maw	)
jinsevillanodlc@gmail.com	(	Miguel Sevillano	)
jjyegaus12@hotmail.com	(	John Harding	)
jmccormack@alaniscapital.ie	(	John McCormack	)
jmkirchem@tinyworld.co.uk	(	Jean Kirchem	)
jo.nelsoncairns@gmail.com	(	Josephine Nelson-Cairns	)
joanbrereton@yahoo.com	(	Joan Brereton	)
joanhoeberechts@gmail.com	(	Joan Hoeberechts	)
joanhuggett@gmail.com	(	Joan Huggett	)
joanne.f7@gmail.com	(	Jo-Anne Van Tuijl	)
joe.marsh26@gmail.com	(	Susan Marsh	)
john.gates68@yahoo.co.uk	(	Doris Gates	)
john.norrie@inverco.es	(	John Norrie	)
john1504@eircom.net	(	Eileen McNamara	)
john@crest.ie	(	John Rohan	)
johnholton41@gmail.com	(	John Holton	)
johnpretty97@yahoo.co.uk	(	John Pretty	)
johnroberts339@hotmail.com	(	Margaret Roberts	)
jonty240651@aol.com	(	Jonty Tobin	)
jorc48@yahoo.co.uk	(	Christine Milborrow	)
joru.berget@gmail.com	(	Joru Berget	)
josyper@btinternet.com	(	Josephine Perriman	)
jphassay@hotmail.com	(	John Hassay	)
jrees0904@gmail.com	(	Janet Rees	)
jshinerock@hotmail.com	(	Jean Shinerock	)
jucarsa2@yahoo.es	(	Julio Cardenal	)
julian.thomas@googlemail.com	(	Julian Thomas	)
juliegreenbank@yahoo.com	(	Julie Greenbank	)
julietteleerussell@yahoo.com	(	Julie Russell	)
junerendle@yahoo.com	(	June Rendle	)
kapasimustafa@aol.com	(	Mustafa Kapasi	)
karenfineart@telitec.com	(	Karen Singh	)
karenjgoulding@hotmail.co.uk	(	Karen Goulding	)
karolafeld@telefonica.net	(	Carmella Dight	)
kathleenanddavid@btopenworld.com	(	David Scott	)
katys640@googlemail.com	(	Kathleen Scott	)
kay.t29580@gmail.com	(	Kay Tidbury	)
kay_petegodwin@yahoo.co.uk	(	Kay Godwin	)
kdmarshall1@yahoo.com	(	Kevin Marshall	)
keatingeamon@anit.es	(	Eamon Keating	)
keith.pheasant@gmail.com	(	Keith Pheasant	)
keith.sheen@yahoo.co.uk	(	Keith Sheen	)
keithlucastravelling@gmail.com	(	Keith Lucas	)
keithwhitbread@aol.com	(	Keith Whitbread	)
kevrac@eircom.net	(	Maureen Lawlor	)
kjwilliams234@gmail.com	(	Katherine Williams	)
ksierwald@aol.com	(	Kevin Sierwald	)
ktrivella@me.com	(	Kathleen Trivella	)
kwilson1@telefonica.net	(	Kathryn Wilson	)
lablepro@yahoo.co.uk	(	Bob Cooke	)
LaSiesta66@hotmail.com	(	Sue Summers	)
laurie@lyates.com	(	Laurie Yates	)
lauriejtaylor@hotmail.com	(	Laurie Taylor	)
lblyth@daveshelpline.com	(	Lindsay Blyth	)
lesleyspain@yahoo.co.uk	(	Lesley Thompson	)
liamjhyland@gmail.com	(	Liam Hyland	)
lin.sewell@btinternet.com	(	Lin Sewell	)
lina.kane@gmail.com	(	Lina Kane	)
lindacarson666@hotmail.com	(	Linda Ferguson	)
lindawayuk@aol.com	(	Linda Way	)
lindsay.pheasant@gmail.com	(	Lindsay Pheasant	)
linguas1@hotmail.com	(	Maria Stanley	)
lizchapman4@hotmail.es	(	Liz Chapman	)
lolaheinen@icloud.com	(	Lola Heinen	)
lopropertymanagement@hotmail.com	(	Lee Osborne	)
lpb44@aol.com	(	Larry Barnett	)
lyal3@live.com	(	Lya Leppik	)
maggie.barnard@tiscali.co.uk	(	Maggie Barnard	)
maggieking007@hotmail.co.uk	(	Margaret King	)
maggieterryspain@yahoo.co.uk	(	Maggie Sheehan	)
mairohanone@gmail.com	(	Mai Rohan	)
majagugerli@bluewin.ch	(	Maja Gugerli-Flury	)
marbella.sanpedro@hotmail.com	(	Elena Sanchez	)
marcopoloyyo@hotmail.com	(	Maria Teresa Benavides Pascual	)
margaret.rowat@gmail.com	(	Margaret Rowat	)
margaretatkinellan@talktalk.net	(	Margaret Clark	)
margarethaz@yahoo.com	(	Margaretha Zelig	)
margot.schmitz@ziggo.nl	(	Margot Schmitz	)
mariapaz.edwards@gmail.com	(	Maria Paz Edwards	)
mariecmartin@gmail.com	(	Marie Martin	)
mariehyland@gmail.com	(	Marie Hyland	)
marilynsellers@yahoo.co.uk	(	Marylin Sellers	)
marnieashley4@gmail.com	(	Marnie Ashley	)
marta.ggrf@gmail.com	(	Marta Gonzalez	)
Martincollins7@icloud.com	(	Martin Collins	)
martine.colombu@gmail.com	(	Martine Colombu	)
martinsims11@gmail.com	(	Margaret Greatbatch	)
maryanb@gmail.com	(	Maryan De Beristain	)
maryanneshinerock@gmail.com	(	Mary-Anne Shinerock	)
maryo@eicom.net	(	Mary O'Rafferty	)
maryreilly@eircom.net	(	Mary Reilly	)
matthew.mcguigan1@gmail.com	(	Matthew McGuigan	)
maureen.tyrrell@gmail.com	(	Maureen Tyrrell	)
maureenburns@maureenburns.com	(	Maureen Burns	)
maureenshbero@hotmail.co.uk	(	Maureen Shbero	)
mbd21@eircom.net	(	Martin De Lany	)
mc@radziewsky.com	(	Marie-Claude Radziewsky	)
mckoss@sbcglobal.net	(	Marion Koss	)
megan66@hotmail.co.uk	(	Margaret Carter	)
mfluchec@gmail.com	(	Marilys Flughe	)
michaelxmartin@gmail.com	(	Michael Martin	)
michellejlewis@hotmail.com	(	Michelle Lewis	)
mickandheidi21@live.co.uk	(	Heidi Button	)
mike@bjgroup.biz	(	Michael James	)
mike@mackies.org.uk	(	Michael Mackie	)
mikeandmyron@hotmail.co.uk	(	Michael Tibbs	)
mikekenyon1@googlemail.com	(	Mike Kenyon	)
milesrendle@gmail.com	(	Miles Rendle	)
mkompany@hotmail.com	(	Maryam Kompany	)
mncaine@telefonica.net	(	Mary Caine	)
moellerangret@gmail.com	(	Angret Moeller	)
moeygoldberg@hotmail.com	(	Victor Goldberg	)
monda@mercuryin.es	(	Brian Thomas	)
Monikaheidler@gmail.com	(	Monika Heidler	)
mooreflett@yahoo.com	(	Margaret Moore	)
mothersanta@hotmail.com	(	Cheryl Furey	)
mukka@telefonica.net	(	Malcolm Kelsey	)
mumdacosta@hotmail.com	(	Michael Da Costa	)
murpil2001@yahoo.co.uk	(	Muriel Pilkington	)
mvealozaina2007wje@hotmail.com	(	Wendy Edwards	)
mwintershausen@aol.com	(	Mary Wintershausen	)
myrufus96@yahoo.com	(	Helene Kelly	)
neil.wilson121@btopenworld.com	(	Neil Wilson	)
nelhasson13@gmail.com	(	Nel Hasson	)
nessacoley@live.co.uk	(	Vanessa Coley	)
newbarbtakesoff@gmail.com	(	Barbara Collins	)
noraheavey@hotmail.com	(	Nora Heavey	)
ntbeniston@gmail.com	(	Nicole Beniston	)
o-malley@tiscali.co.uk	(	Anne Coyle	)
olivia266@gmail.com	(	Olive Neilson	)
onlyonedotcom@yahoo.co.uk	(	Dorothy Hall	)
p-mcadman@hotmail.co.uk	(	Margaret Cadman	)
p.baldwin4@gmail.com	(	Peter Baldwin	)
paddyofarrell@hotmail.co.uk	(	Paddy O'Farrell	)
paillardrob@gmail.com	(	Robina Paillard	)
pam.eric@yahoo.co.uk	(	Pamela Barnett	)
pamelafuller51@gmail.com	(	Pamela Fuller	)
pandaspain@msn.com	(	Alan Nichols	)
patricianaders@gmail.com	(	Ruben Salazar	)
patsyflojames@yahoo.co.uk	(	Patricia James	)
pattaylor22@hotmail.com	(	Patricia Taylor	)
paul.martin.irl@gmail.com	(	Paul Martin	)
paulagarton7@gmail.com	(	Paula Garton	)
pauline.pratt2010@gmail.com	(	Pauline Pratt	)
paulinehayward@gmx.com	(	Pauline Hayward	)
paulwendyhoward@gmail.com	(	Wendy Howard	)
pconcellon@gmail.com	(	Patricia Concellon	)
petereclappison@hotmail.com	(	Peter Clappison	)
peterjashley3@gmail.com	(	Peter Ashley	)
petersellers40@hotmail.co.uk	(	Peter Sellers	)
pgugerli@bluewin.ch	(	Paul Gugerli-Flury	)
phil.cony@btinternet.com	(	Phil Cony	)
philkent46@hotmail.com	(	Philip Kent	)
pitvantuijl@gmail.com	(	Pieter Van Tuijl	)
plsharad15@yahoo.com	(	Louise Sharad	)
poorter55@gmail.com	(	Jeannette Poorter	)
pottybee@msn.com	(	Brenda Peirce	)
queslett434@gmail.com	(	Hilary Davy	)
randelbarrows@yahoo.co.uk	(	Randel Barrows	)
ray.hall19@yahoo.com	(	Ray Hall	)
rck@btinternet.com	(	Roman Kiszka	)
richard.bearpark@gmail.com	(	Richard Bearpark	)
richardsonfrances039@gmail.com	(	Frances Richardson	)
rigmorchen@gmail.com	(	Rigmor Herlofsen	)
rkhalaf@web.de	(	Rauf Khalaf	)
robinsavory@yahoo.com	(	Liz Savory	)
robin_sneath@hotmail.co.uk	(	Robin Sneath	)
robtomlnsn@hotmail.co.uk	(	Rob Tomlinson	)
rod@losdragos.com	(	Rod Ellis	)
rog.t.artinspain@live.com	(	Roger Tidbury	)
roger@hamble.org	(	Roger Hambleton	)
rogerjohnsmalley@gmail.com	(	Roger Smalley	)
rogerrwp@mac.com	(	Jane Woodhead	)
rolf@dunderdun.com	(	Rolf Haggards	)
ronykayspain@gmail.com	(	Ronald Block	)
rosalba.williams@gmail.com	(	Rosalba Williams	)
rosyth@btopenworld.com	(	Rosytha Cony	)
roy.martinez@scarlet.be	(	Roy Martinez	)
roycath43@gmail.com	(	Catharina Hagley	)
rtrivella@telefonica.net	(	Robert Trivella	)
ruth@evokia.co.uk	(	Ruth Baldwin	)
ryanyvonne@eircom.net	(	Yvonne Ryan	)
sallybegley@gmail.com	(	Sally Begley	)
samrobertwith@yahoo.com	(	Robert With	)
sandra.kubit242@gmail.com	(	Sandra Kubit Jones	)
sanlyn3@gmail.com	(	Lynn Lacey	)
schultejanson@yahoo.de	(	Enrique Schulte-Janson	)
seahorse2lady@yahoo.co.uk	(	Corinne Mudie	)
sharonvydra@live.co.uk	(	Sharon Vydra	)
sheilasadtler@hotmail.com	(	Sheila Sadtler	)
shephards@hotmail.co.uk	(	Peter Shephard	)
sherwood@ihug.co.nz	(	Ray Sherwood	)
sholton17@gmail.com	(	Sandi Holton	)
simonshinerock@gmail.com	(	Simon Shinerock	)
simplymarkwilliams@yahoo.co.uk	(	Mark Williams	)
simwheels@aol.com	(	Simon Wheeler	)
smoulderbrown@hotmail.com	(	Sarah Moulder-Brown	)
soledaddelasheras@gmail.com	(	Soledad De Las Heras	)
suebowenmilla@yahoo.com	(	Susan Milla	)
sueburdon7@gmail.com	(	Sue Burdon	)
suegearon@yahoo.co.uk	(	Susan Gearon	)
suerhodes2002@hotmail.com	(	Sue Rhodes	)
suesheen@yahoo.ie	(	Susie Sheen	)
sue_mackinnon@hotmail.com	(	Suzanne Mackinnon	)
sunnydays_42@hotmail.com	(	Julie Wilson	)
sunshinelife21@yahoo.co.uk	(	Sue Marks	)
susan.cross706@gmail.com	(	Susan Cross	)
susan@lyates.com	(	Susan Yates	)
susaninstone25@yahoo.com	(	Susan Instone	)
sylviabohsali@gmail.com	(	Sylvia Bohsali	)
t.marris@btinternet.com	(	Terry Marris	)
tandsgrogan@hotmail.com	(	Terry Grogan	)
teresaelvin@hotmail.com	(	Teresa Elvin	)
terry-c007@hotmail.com	(	Terry Campion	)
terryreilly@eircom.net	(	Terry Reilly	)
theahorsey@gmail.com	(	Thea Horsey	)
thea_van_kints@yahoo.co.uk	(	Thea Van Kints	)
thebloms1@hotmail.com	(	Rod Blom	)
theladyo@hotmail.com	(	Caroline Elliott	)
thelaubschers@tiscali.co.uk	(	Jan Laubscher	)
thewheeldons@telefonica.net	(	Sheila Wheeldon	)
tjcoakley@hotmail.com	(	Violette Coakley	)
tobystobart@hotmail.com	(	Toby Stobart	)
tom@graty.co.uk	(	Tom Graty	)
tomaxant@gmail.com	(	Tony Merrington	)
tonygoodfellow@adsl4less.com	(	Anthony Goodfellow	)
tonyholt@onetel.com	(	Tony Holt	)
tonytbat@aol.com	(	Tony Bates	)
tstafford@decision.ie	(	Tony Stafford	)
valerieveeckman@gmail.com	(	Valerie Veeckman	)
vbailey.hola@googlemail.com	(	Vernon Bailey	)
vhouben2000@yahoo.com	(	Valerie Houben	)
victours2002@yahoo.es	(	Victor Municio	)
viso.first.english@hotmail.co.uk	(	James Harvey	)
vmvassay@gmail.com	(	Val Vassay	)
walleyernie@yahoo.co.uk	(	Virginia Band	)
waltsusan@gmail.com	(	Susan Walters	)
wanders9993@yahoo.co.uk	(	Georgina Anderson	)
waterhousep@hotmail.com	(	Pat Waterhouse	)
webb.christopher@gmail.com	(	Christopher Webb	)
wgandress@gmail.com	(	Bill Andress	)
wickedlawyer@gmail.com	(	Simon Baldwin-Purry	)
wilcocksinspain@msn.com	(	Hugh Wilcock	)
wilmadodds@hotmail.co.uk	(	Jack Dodds	)
winnac@hotmail.com	(	Lavinia Croft	)
wyoungsouthafrica@gmail.com	(	William Young	)
yacko31@gmail.com	(	Joan Gordon-Smith	)
ylb@telefonica.net	(	Leila Bourquin	)
ynotfishing@hotmail.com	(	Tony Barnes	)
yoleo@aol.com	(	Chris Coley	)
yvonne_sjokvist@hotmail.com	(	Yvonne Sjokvist	)
zepcharger@yahoo.co.uk	(	David Marks	)
zerdan@vuelasinmiedo.com	(	Alberto Zerdan	)
ziggyp73@gmail.com	(	Ziggy Patras	)
zimbas@me.com	(	Mary Zimmerman	)
